id,gender,last_name,first_name,phone,email,birthday
1,male,Dellow,Richard,3587703563,adellow0@dedecms.com,08/09/2003
2,Female,Sclater,Donelle,5873461873,dsclater1@wikipedia.org,08/04/1994
3,Male,Reinger,Roarke,2024137673,rreinger2@bloomberg.com,24/03/1984
4,Female,Stihl,Jany,2343209441,jstihl3@pbs.org,23/01/1994
5,male,lol,Karia,5402358694,ksimyson4@slate.com,14/08/2002
6,male,ja,Glendon,4334274578,gpountney5@vk.com,15/06/1988
7,Female,Antoney,Flossy,3681824425,fantoney6@hubpages.com,26/09/1997
8,Male,Bambery,Urson,1639489521,ubambery7@123-reg.co.uk,19/12/2002
9,Female,Alwin,Rennie,2835883948,ralwin8@unblog.fr,30/09/1981
10,Male,Waterson,James,9038075889,jwaterson9@dell.com,16/10/1997
11,Female,Bugler,Ania,2798925844,abuglera@free.fr,04/02/1986
12,Female,Mulloch,Fawne,7981907308,fmullochb@behance.net,07/11/2004
13,Male,Klain,Kenny,5434687680,kklainc@bing.com,05/07/2000
14,Male,Dominetti,Konrad,7791626545,kdominettid@a8.net,29/05/1990
15,Female,Drance,Cammy,2679477957,cdrancee@naver.com,23/02/1998
16,Female,Clemence,Anabal,5523064566,aclemencef@bluehost.com,30/10/1997
17,Female,Weeks,Gilbertina,9997848833,gweeksg@google.com.au,05/12/1996
18,Female,Lindbergh,Marybelle,5199989570,mlindberghh@wisc.edu,11/02/1985
19,Female,Medeway,Gertrude,2979591435,gmedewayi@bluehost.com,12/07/1988
20,Male,Grinval,Newton,4457148005,ngrinvalj@illinois.edu,27/07/1985
21,Male,Bathow,Boote,1261423780,bbathowk@posterous.com,31/07/1982
22,Male,Pockey,Clemente,1742464014,cpockeyl@google.com.br,20/08/1995
23,Male,Kryszkiecicz,Dare,2742082061,dkryszkieciczm@hostgator.com,08/07/2000
24,Female,Craney,Othelia,9705248316,ocraneyn@indiatimes.com,20/04/1992
25,Female,Heyworth,Emmi,1993942137,eheywortho@tripod.com,03/01/1983
26,Female,Earles,Kathie,1393952179,kearlesp@tumblr.com,14/06/1981
27,Male,Kenward,Israel,6059531701,ikenwardq@taobao.com,24/02/1981
28,Female,Browning,Katlin,9453722248,kbrowningr@hhs.gov,16/08/1985
29,Male,Joslin,Siegfried,2716767737,sjoslins@macromedia.com,06/02/1987
30,Female,Winn,Arleta,4406791321,awinnt@hao123.com,05/11/1994
31,Female,Shortcliffe,Julissa,5034935337,jshortcliffeu@thetimes.co.uk,09/06/1982
32,Male,Seater,Willey,4155492534,wseaterv@ihg.com,01/09/1983
33,Male,Pic,Marlowe,6621389037,mpicw@de.vu,11/01/1990
34,Female,Crowley,Keslie,4262595075,kcrowleyx@networksolutions.com,20/05/1982
35,Male,Dohr,Andros,4352154511,adohry@amazon.com,12/09/1982
36,Male,Raycroft,Andrus,7934603950,araycroftz@msu.edu,25/11/2004
37,Male,Yegorev,Byrom,9859118263,byegorev10@walmart.com,29/06/1982
38,Female,Pyson,Jolyn,2207058143,jpyson11@purevolume.com,06/11/2003
39,Male,Kulic,Port,1782938328,pkulic12@t.co,06/03/1986
40,Female,Sharplin,Gunilla,7071850009,gsharplin13@trellian.com,31/12/1987
41,Male,Ivanonko,Lynn,4429474020,livanonko14@twitpic.com,28/09/1997
42,Female,Turneaux,Fiorenze,9798660193,fturneaux15@wikipedia.org,02/05/1994
43,Female,Mignot,Mariellen,6361603735,mmignot16@pen.io,11/09/1996
44,Female,Deble,Terrie,7835892606,tdeble17@archive.org,05/02/2000
45,Male,Ebbett,Maje,3872729007,mebbett18@nature.com,20/06/1986
46,Female,Calles,Pet,3276644026,pcalles19@hao123.com,22/11/1990
47,Female,Kopke,Abbi,4857710275,akopke1a@t.co,12/09/1986
48,Female,Willicott,Tiffy,8534969799,twillicott1b@clickbank.net,23/07/1987
49,Female,Bacop,Trisha,2735832892,tbacop1c@independent.co.uk,11/08/2001
50,Male,McCoid,Arlen,5455712859,amccoid1d@illinois.edu,27/05/1989
51,Male,MacGray,Humfried,4266307425,hmacgray1e@un.org,09/04/2002
52,Male,Grason,Lucas,5724559592,lgrason1f@accuweather.com,02/02/1996
53,Male,Gaskarth,Wainwright,4342779999,wgaskarth1g@ed.gov,18/05/1984
54,Male,Bridal,Lorne,5615390680,lbridal1h@dailymotion.com,20/04/1994
55,Female,Hockell,Jen,7477040682,jhockell1i@java.com,18/12/1985
56,Male,Fordy,Steffen,1195397403,sfordy1j@google.com.hk,29/09/2003
57,Male,Wylder,Willard,3473910111,wwylder1k@answers.com,26/08/2003
58,Female,Pagelsen,Joellen,7855427074,jpagelsen1l@europa.eu,29/09/1983
59,Female,Matelaitis,Bella,9968044487,bmatelaitis1m@symantec.com,18/12/1990
60,Male,Kochs,Arvy,9043864570,akochs1n@apple.com,09/10/1980
61,Male,Bartholomew,Derwin,6588600566,dbartholomew1o@google.ru,18/06/1986
62,Female,Saltmarsh,Joelle,9769013328,jsaltmarsh1p@unblog.fr,19/02/1994
63,Male,Bofield,Murdock,1913486851,mbofield1q@omniture.com,31/10/1993
64,Female,Leahy,Kaylee,6729265320,kleahy1r@virginia.edu,25/01/1992
65,Female,Dewhurst,Hazel,5337598934,hdewhurst1s@irs.gov,05/06/2002
66,Female,Loreit,Gillian,1475684206,gloreit1t@simplemachines.org,05/04/1982
67,Female,McAulay,Fifi,7819123348,fmcaulay1u@prweb.com,26/03/1998
68,Female,Vanelli,Lynn,2414777989,lvanelli1v@discovery.com,17/12/1988
69,Male,Rix,Yankee,5676665343,yrix1w@themeforest.net,24/09/1983
70,Female,Lyst,Xylina,8709408516,xlyst1x@ftc.gov,12/09/1987
71,Female,Kubera,Velma,5964705346,vkubera1y@loc.gov,17/10/1994
72,Female,Moreing,Seana,3275363841,smoreing1z@usda.gov,03/12/2000
73,Female,Climson,Chelsea,9242652980,cclimson20@nydailynews.com,09/01/1995
74,Female,Goldsberry,Melly,3478665095,mgoldsberry21@is.gd,06/02/1985
75,Male,Sibbet,Anders,6889156020,asibbet22@jugem.jp,06/09/1991
76,Male,Wardel,Garry,3906704237,gwardel23@de.vu,22/06/1991
77,Male,Neller,Hussein,9263806219,hneller24@sciencedirect.com,30/07/1987
78,Male,Demann,Jessee,3002864003,jdemann25@columbia.edu,02/06/2000
79,Male,Hurley,Garik,5031013981,ghurley26@icio.us,04/06/1987
80,Male,Menendez,Christiano,4057664035,cmenendez27@dell.com,29/01/2003
81,Female,Kimbrey,Alex,4043209588,akimbrey28@slashdot.org,14/01/1998
82,Female,Tolcher,Kellina,7492229554,ktolcher29@freewebs.com,17/06/1993
83,Male,Sexti,Jeramey,3461340182,jsexti2a@joomla.org,29/11/1991
84,Male,Kinkaid,Erroll,2029616629,ekinkaid2b@hatena.ne.jp,10/03/2003
85,Male,Osgerby,Jeremias,4403539161,josgerby2c@eventbrite.com,16/01/1992
86,Male,Mattheissen,Eldridge,5912511882,emattheissen2d@tinyurl.com,10/12/1992
87,Female,Bewsy,Keely,5735164076,kbewsy2e@prnewswire.com,17/01/1995
88,Male,Hazeley,Fred,5085124897,fhazeley2f@chicagotribune.com,09/08/1982
89,Female,Piola,Vi,7808382513,vpiola2g@dagondesign.com,26/06/1995
90,Female,Hynam,Shayne,1801374217,shynam2h@amazon.co.jp,17/02/1984
91,Female,Gallahue,Georgine,5373757746,ggallahue2i@t-online.de,14/06/1996
92,Female,Daughtry,Thomasine,8392877462,tdaughtry2j@oakley.com,10/01/1983
93,Female,Jakubczyk,Kenna,7356627030,kjakubczyk2k@comsenz.com,12/10/1996
94,Female,Boldock,Lonee,1046198317,lboldock2l@europa.eu,06/04/1985
95,Female,De Ferrari,Philipa,2555864756,pdeferrari2m@sfgate.com,24/05/1984
96,Female,Wrack,Gerri,2767022279,gwrack2n@nyu.edu,31/07/1987
97,Female,MacIlhagga,Tuesday,8328660758,tmacilhagga2o@altervista.org,21/03/2002
98,Male,Crandon,Dieter,5607396640,dcrandon2p@tamu.edu,18/01/1994
99,Female,Stratton,Cayla,6451304785,cstratton2q@admin.ch,26/09/1987
100,Female,Indruch,Sacha,3519215337,sindruch2r@berkeley.edu,09/05/1994
